{"cameraMode":{"drawMode":0,"name":"Shaded","section":"Shading Mode"},"sceneLighting":false,"audioPlay":false,"sceneViewState":{"showFog":false,"showMaterialUpdate":true,"showSkybox":false,"showFlares":true,"showImageEffects":true,"showParticleSystems":true},"in2DMode":false,"pivot":{"x":4.33349609375,"y":2.276059627532959,"z":-2.5595946311950685},"rotation":{"x":0.1471584588289261,"y":0.8515192270278931,"z":-0.32779115438461306,"w":0.38203370571136477},"size":7.460059642791748,"orthographic":false}