{"cameraMode":{"drawMode":0,"name":"Shaded","section":"Shading Mode"},"sceneLighting":true,"audioPlay":false,"sceneViewState":{"showFog":false,"showMaterialUpdate":true,"showSkybox":true,"showFlares":true,"showImageEffects":true,"showParticleSystems":true},"in2DMode":false,"pivot":{"x":113.12100982666016,"y":55.994407653808597,"z":126.61351776123047},"rotation":{"x":-0.025176215916872026,"y":0.9994472861289978,"z":-0.04199597239494324,"w":-0.04046809673309326},"size":10.0,"orthographic":false}