{"cameraMode":{"drawMode":0,"name":"Shaded","section":"Shading Mode"},"sceneLighting":false,"audioPlay":false,"sceneViewState":{"showFog":false,"showMaterialUpdate":true,"showSkybox":false,"showFlares":true,"showImageEffects":true,"showParticleSystems":true},"in2DMode":false,"pivot":{"x":193.58131408691407,"y":4.494060516357422,"z":99.93453216552735},"rotation":{"x":-0.08679452538490296,"y":0.9038572907447815,"z":-0.35731035470962527,"w":-0.22028523683547975},"size":10.0,"orthographic":false}