{"cameraMode":{"drawMode":0,"name":"Shaded","section":"Shading Mode"},"sceneLighting":false,"audioPlay":false,"sceneViewState":{"showFog":false,"showMaterialUpdate":true,"showSkybox":false,"showFlares":true,"showImageEffects":true,"showParticleSystems":true},"in2DMode":false,"pivot":{"x":0.33594244718551638,"y":0.6175854206085205,"z":0.6740056872367859},"rotation":{"x":0.0876501277089119,"y":-0.9075812697410584,"z":0.3354244530200958,"w":0.2372773140668869},"size":0.5165063142776489,"orthographic":false}