{"cameraMode":{"drawMode":0,"name":"Shaded","section":"Shading Mode"},"sceneLighting":false,"audioPlay":false,"sceneViewState":{"showFog":true,"showMaterialUpdate":false,"showSkybox":false,"showFlares":true,"showImageEffects":true,"showParticleSystems":true},"in2DMode":false,"pivot":{"x":12.399476051330567,"y":14.779901504516602,"z":-3.4024899005889894},"rotation":{"x":-0.2652926445007324,"y":0.5786194205284119,"z":-0.20732402801513673,"w":-0.7432155609130859},"size":2.4494898319244386,"orthographic":false}